"Cali","Candelaria","Palmira","Yumbo","Jamundí","Area metropolitana","DATUM"
"527552","52293","179945","81294","51035",892119,2017-01-01
"516697","66418","205485","75561","51724",915885,2017-01-02
"542244","62362","194292","84114","49390",932402,2017-01-03
"538686","67027","208764","92031","51605",958113,2017-01-04
"537930.5","66769.5","207289","89812","51605",953406,2017-01-05
"537175","66512","205814","87593","51605",948699,2017-01-06
"501936","62060","205923","79559","47630",897108,2017-01-07
"534196","65304","204776","86893","51196",942365,2017-01-08
"534788","65518","205862","86893","51447",944508,2017-01-09
"534788","65518","205805","86893","51447",944451,2017-01-10
"534707","65518","205800","86893","51447",944365,2017-01-11
"534788","65518","205800","86893","51447",944446,2017-01-12
"534788","65518","206152","86893","51614",944965,2017-01-13
"493959","65071","202477","77090","51272",889869,2017-01-14
"545178","61169","184484","82698","49239",922768,2017-01-15
"534788","65291","205806","85999","51447",943331,2017-01-16
"525522","65640","205805","86913","51447",935327,2017-01-17
"531737","65569","205746","83777","51526",938355,2017-01-18
"534788","65568","207130","86893","51447",945826,2017-01-19
"534788","65518","205805","86893","51447",944451,2017-01-20
"534788","65518","205805","86893","51447",944451,2017-01-21
"524051","43167","160258","63099","49774",840349,2017-01-22
"536887","50329","172853","69095","48610",877774,2017-01-23
"514561","59944","200047","80742","52982",908276,2017-01-24
"459919","81305","211938","83460","52164",888786,2017-01-25
"518840","66988","207455","80515","53594",927392,2017-01-26
"523668","71343","209387","81960","51411",937769,2017-01-27
"522080","70360","202819","78830","50776",924865,2017-01-28
"531585","72340","211253","83650","52017",950845,2017-01-29
"531585","72188","212963","85727","50304",952767,2017-01-30
"442807","71839","189359","78734","52048",834787,2017-01-31
"522229","61305","210325","85426","50354",929639,2017-02-01
"455452","61410","169420","66296","50025",802603,2017-02-02
"497308","64212","189801","80342","40599",872262,2017-02-03
"528072","70582","211531","84917","52956",948058,2017-02-04
"474246","76854","214376","80143","54171",899790,2017-02-05
"535401","54535","179185","78026","51240",898387,2017-02-06
"499722","50201","169538","71267","40478",831206,2017-02-07
"513001","57336","171478","69901","47449",859165,2017-02-08
"507753","68403","208918","80160","47359",912593,2017-02-09
"500912","69856","211641","79954","53474",915837,2017-02-10
"502780","70071","206114","82597","48332",909894,2017-02-11
"528316","69856","211267","84935","52935",947309,2017-02-12
"560019","62940","179423","74074","48022",924478,2017-02-13
"528316","69856","210798","84935","52965",946870,2017-02-14
"528316","69773","210535","84970","52920",946514,2017-02-15
"545830","68885","192592","85855","51641",944803,2017-02-16
"546593","63500","184452","74749","53112",922406,2017-02-17
"558219","55736","181024","74704","49148",918831,2017-02-18
"460938","64643","195149","72606","55269",848605,2017-02-19
"528316","69928","205888","82868","52934",939934,2017-02-20
"474090","68491","210187","81597","51667",886032,2017-02-21
"528316","69886","208854","83882","52921",943859,2017-02-22
"527995","68621","201929","63927","52921",915393,2017-02-23
"527408","68079","202261","73770","52921",924439,2017-02-24
"528395","70004","208913","83841","53037",944190,2017-02-25
"528395","70004","208843","83841","52927",944010,2017-02-26
"520898","70058","208184","79256","53758",932154,2017-02-27
"528377","70061","209064","83863","52948",944313,2017-02-28
"484641","60335","207579","83875","52958",889388,2017-03-01
"525554","65180","177272","77258","52925",898189,2017-03-02
"528454","70236","209748","83968","52949",945355,2017-03-03
"528454","70236","209726","84027","52949",945392,2017-03-04
"528454","70236","210566","83970","52949",946175,2017-03-05
"528454","70236","209506","83970","52949",945115,2017-03-06
"528454","70236","209814","83970","52949",945423,2017-03-07
"528454","70236","209814","83970","52949",945423,2017-03-08
"452896","71379","198814","82776","49700",855565,2017-03-09
"528446","70236","209756","84005","52949",945392,2017-03-10
"528454","70236","209814","83970","52949",945423,2017-03-11
"528454","70236","209814","83970","52949",945423,2017-03-12
"528454","70236","209814","83970","52949",945423,2017-03-13
"528454","70236","209814","83970","52949",945423,2017-03-14
"528454","70236","209913","83970","52949",945522,2017-03-15
"528454","70236","209999","83970","52576",945235,2017-03-16
"528686","70555","210092","83970","50041",943344,2017-03-17
"525593","67868","209432","83970","46962",933825,2017-03-18
"528454","70236","209814","83970","52949",945423,2017-03-19
"508649","70236","209884","81392","51891",922052,2017-03-20
"528454","70236","209839","83945","52949",945423,2017-03-21
"528454","70236","200748","83722","52949",936109,2017-03-22
"528454","70236","209542","83975","52949",945156,2017-03-23
"528454","70236","209037","83975","52949",944651,2017-03-24
"528454","70236","209569","83975","52949",945183,2017-03-25
"528454","70236","209537","83975","52949",945151,2017-03-26
"528454","70236","209537","83975","52949",945151,2017-03-27
"528454","70236","209537","83975","52949",945151,2017-03-28
"524810","70795","209537","83975","52949",942066,2017-03-29
"528740","70312","209537","83975","52949",945513,2017-03-30
"528740","70312","209537","83975","52949",945513,2017-03-31
"528740","70312","209537","83975","52949",945513,2017-04-01
"528740","70312","209537","83975","52949",945513,2017-04-02
"514498","64893","196794","85109","50756",912050,2017-04-03
"494434","66647","214329","79494","64158",919062,2017-04-04
"514733","67063","193432","85488","48354",909070,2017-04-05
"529377","71680","212492","84334","50556",948439,2017-04-06
"480694","53565","183750","71573","43158",832740,2017-04-07
"529377","71680","212439","84334","50556",948386,2017-04-08
"529377","71680","212439","84334","50556",948386,2017-04-09
"529377","71680","212439","84334","50556",948386,2017-04-10
"493981","74495","209152","83194","51077",911899,2017-04-11
"529377","71680","212530","84334","50556",948477,2017-04-12
"529377","71680","212439","84334","50556",948386,2017-04-13
"529377","71680","212439","84334","50556",948386,2017-04-14
"529377","71680","212439","84334","50887",948717,2017-04-15
"529377","71680","212439","84334","50556",948386,2017-04-16
"529377","71680","212439","84334","50556",948386,2017-04-17
"529377","71680","212435","84334","50556",948382,2017-04-18
"529377","71680","212439","84334","50556",948386,2017-04-19
"529377","71680","212439","84334","50556",948386,2017-04-20
"529377","71680","212439","84334","50556",948386,2017-04-21
"523045","68632","211466","79564","49739",932446,2017-04-22
"514530","55546","170937","68777","51300",861090,2017-04-23
"529712","70164","208891","81805","50723",941295,2017-04-24
"449209","65190","194928","77206","49345",835878,2017-04-25
"529855","70606","209540","82062","50650",942713,2017-04-26
"512422","52096","174477","72094","54026",865115,2017-04-27
"527817","68813","208695","81446","50873",937644,2017-04-28
"527817","68813","209205","81446","50873",938154,2017-04-29
"527817","68813","208729","81446","50873",937678,2017-04-30
"527817","68813","208729","81446","50873",937678,2017-05-01
"527817","67796","165354","81446","53937",896350,2017-05-02
"521603","56267","203274","74434","48778",904356,2017-05-03
"527689","67887","208429","80864","50509",935378,2017-05-04
"527689","67904","208429","80864","50509",935395,2017-05-05
"527689","67904","208429","80864","50509",935395,2017-05-06
"478959","65504","197013","80867","45432",867775,2017-05-07
"527689","67904","208429","80864","50509",935395,2017-05-08
"527689","67904","208429","80864","50509",935395,2017-05-09
"527689","67904","208429","80864","50509",935395,2017-05-10
"527689","67904","208429","80864","50509",935395,2017-05-11
"527689","67904","208429","80864","50406",935292,2017-05-12
"527689","67904","208429","80864","50509",935395,2017-05-13
"527689","67904","208429","80864","50509",935395,2017-05-14
"527689","67904","208429","80864","50509",935395,2017-05-15
"527689","67904","208429","80864","50509",935395,2017-05-16
"526941","66851","224307","80035","51621",949755,2017-05-17
"527689","67904","210826","80864","52445",939728,2017-05-18
"508618","55930","169436","68113","42327",844424,2017-05-19
"492789","61537","192328","75736","49817",872207,2017-05-20
"527355","67883","197055","81088","50288",923669,2017-05-21
"527355","67883","207761","81088","50288",934375,2017-05-22
"479093","54757","182537","76329","51195",843911,2017-05-23
"501722","62918","183750","78181","48385",874956,2017-05-24
"526004","66830","208389","80871","43732",925826,2017-05-25
"524860","66797","208718","81007","48683",930065,2017-05-26
"525892","66797","208094","80885","50783",932451,2017-05-27
"525892","66797","208094","80885","50783",932451,2017-05-28
"525892","66797","208094","80885","50783",932451,2017-05-29
"504678","57183","179666","67303","41942",850772,2017-05-30
"512102","64274","206705","80565","48378",912024,2017-05-31
"513622","65742","198589","84890","49468",912311,2017-06-01
"525402","66069","208083","80581","50781",930916,2017-06-02
"525362","66429","207982","80581","50839",931193,2017-06-03
"525402","66091","206972","80581","50793",929839,2017-06-04
"524242","66046","209073","80589","51116",931066,2017-06-05
"493831","60722","193362","76465","52274",876654,2017-06-06
"503417","65504","178872","81313","50838",879944,2017-06-07
"525402","66091","206972","80581","50793",929839,2017-06-08
"525402","66091","206972","80581","50793",929839,2017-06-09
"525402","66091","206972","80581","50814",929860,2017-06-10
"519582","66289","202878","80581","49382",918712,2017-06-11
"525402","66091","206972","80581","50793",929839,2017-06-12
"525402","66091","206972","80581","50793",929839,2017-06-13
"523185","62691","207361","80625","50877",924739,2017-06-14
"504108","46776","165284","63704","40459",820331,2017-06-15
"525363","66111","206972","80581","51493",930520,2017-06-16
"458487","65509","204532","77489","44265",850282,2017-06-17
"525402","66091","207255","80581","50837",930166,2017-06-18
"525402","66091","207113","80581","50793",929980,2017-06-19
"515733","62819","204645","72424","46165",901786,2017-06-20
"524749","65966","206944","80478","49825",927962,2017-06-21
"497728","64515","196732","72741","45995",877711,2017-06-22
"515397","63969","174151","79040","50038",882595,2017-06-23
"577752","66661","193467","86194","57786",981860,2017-06-24
"528549","69813","208627","82369","52401",941759,2017-06-25
"513830","60823","173695","74403","49222",871973,2017-06-26
"528610","69406","208122","82401","52374",940913,2017-06-27
"530569","69406","208345","80044","53694",942058,2017-06-28
"443900","67515","209254","83160","51203",855032,2017-06-29
"523736","68761","210037","83573","50753",936860,2017-06-30
"515944","63735","208373","76369","41181",905602,2017-07-01
"523874","68378","209945","83549","49989",935735,2017-07-02
"524087","68378","210242","83549","52183",938439,2017-07-03
"525061","79676","210125","83460","53374",951696,2017-07-04
"513174","61095","187899","76645","49331",888144,2017-07-05
"524865","73819","210076","83539","51247",943546,2017-07-06
"523505","66241","199154","76011","50187",915098,2017-07-07
"524865","73795","209702","79091","50187",937640,2017-07-08
"526571","73819","210056","83539","53290",947275,2017-07-09
"524865","73819","210107","83539","50187",942517,2017-07-10
"524865","73819","210075","83539","50011",942309,2017-07-11
"541534","68038","210097","79010","51231",949910,2017-07-12
"552814","62363","178519","73307","49253",916256,2017-07-13
"524865","73819","210452","83539","50187",942862,2017-07-14
"525762","73819","210169","83539","45894",939183,2017-07-15
"553934","63443","203919","77391","50187",948874,2017-07-16
"524865","73819","210076","83539","50187",942486,2017-07-17
"505308","59595","213769","73830","44403",896905,2017-07-18
"524889","73905","217035","83500","50358",949687,2017-07-19
"529238","82105","216261","85215","72142",984961,2017-07-20
"527822","55083","180115","79710","52863",895593,2017-07-21
"528596","72019","207626","83954","54969",947164,2017-07-22
"529175","70435","194006","74272","55267",923155,2017-07-23
"528705","72059","182274","84362","54986",922386,2017-07-24
"528705","72032","208956","84123","55014",948830,2017-07-25
"531508","72032","198537","81559","54986",938622,2017-07-26
"514390","61100","174637","66883","53480",870490,2017-07-27
"528210","72010","205015","81027","54702",940964,2017-07-28
"528200","72010","206306","81027","54707",942250,2017-07-29
"565953","65102","209220","80340","55811",976426,2017-07-30
"531322","77182","211300","81526","60440",961770,2017-07-31
"587810","55134","175209","74456","52119",944728,2017-08-01
"548316","54628","176239","68103","53613",900899,2017-08-02
"526352","56273","185500","69051","47689",884865,2017-08-03
"534858","70701","207249","80952","54269",948029,2017-08-04
"534858","70701","206932","80952","54269",947712,2017-08-05
"534858","70701","207073","80952","54269",947853,2017-08-06
"534858","70701","206926","80952","54269",947706,2017-08-07
"534858","70701","206932","80952","54269",947712,2017-08-08
"534858","70701","205770","80952","54269",946550,2017-08-09
"543253","66534","207790","80212","50789",948578,2017-08-10
"534858","70701","206932","80952","54269",947712,2017-08-11
"534858","70701","206932","80952","54269",947712,2017-08-12
"534529","70721","207564","80952","55696",949462,2017-08-13
"541264","55810","186277","74392","52085",909828,2017-08-14
"523020","64683","200089","83761","59892",931445,2017-08-15
"534858","70701","206932","80952","54269",947712,2017-08-16
"527430","64471","189091","73271","54989",909252,2017-08-17
"535063","71375","207567","81199","54371",949575,2017-08-18
"535063","71375","207567","81199","54371",949575,2017-08-19
"535063","71375","207567","81199","54371",949575,2017-08-20
"504951","76313","227712","76683","51562",937221,2017-08-21
"535371","73432","211734","81679","54801",957017,2017-08-22
"520245","63608","206805","81679","48047",920384,2017-08-23
"529131","61864","178393","62525","45064",876977,2017-08-24
"497485","72779","224483","77821","57956",930524,2017-08-25
"538419","73589","210601","81157","60054",963820,2017-08-26
"535433","73589","209811","81016","55849",955698,2017-08-28
"526314","60615","174441","70876","44780",877026,2017-08-29
"535335","71734","206316","79965","52918",946268,2017-08-30
"536491","71734","206441","79922","51586",946174,2017-08-31
"593448","73034","208269","99248","67965",1041964,2017-09-01
"565623","55253","177728","74535","53512",926651,2017-09-02
"540102","73208","209954","85350","55393",964007,2017-09-03
"547538","54485","172997","69364","46917",891301,2017-09-04
"488931","69107","208055","79780","53985",899858,2017-09-05
"540109","73208","209930","85350","55392",963989,2017-09-06
"540109","73208","209928","85350","55392",963987,2017-09-07
"528568","74838","210600","85350","55197",954553,2017-09-08
"540109","73208","209953","85350","55392",964012,2017-09-09
"540109","73208","209953","85350","55392",964012,2017-09-10
"540109","73208","209953","85350","55392",964012,2017-09-11
"456153","72747","211068","84643","58519",883130,2017-09-12
"540109","73208","209953","85350","55392",964012,2017-09-13
"540109","73208","210030","85364","55392",964103,2017-09-14
"540109","73125","210046","85350","55392",964022,2017-09-15
"520536","70164","204691","79568","56275",931234,2017-09-16
"540239","73260","209065","85628","55604",963796,2017-09-17
"530353","70984","196325","85744","56371",939777,2017-09-18
"540376","73348","210660","85641","55552",965577,2017-09-19
"525998","59430","184680","75458","52169",897735,2017-09-20
"542940","68211","208840","81834","59700",961525,2017-09-21
"541772","73893","213911","85776","55596",970948,2017-09-22
"541772","73893","213911","85776","55596",970948,2017-09-23
"541772","73893","213911","85776","55596",970948,2017-09-24
"541772","73893","213911","85776","55596",970948,2017-09-25
"541772","73940","214094","85776","55596",971178,2017-09-26
"492595","74894","244589","91419","73664",977161,2017-09-27
"543916","74588","221749","86638","57700",984591,2017-09-28
"543916","74588","221825","86560","57700",984589,2017-09-30
"543916","74588","221825","86560","58799",985688,2017-10-01
"520811","68724","222134","74814","57700",944183,2017-10-02
"543916","74588","221825","86560","57959",984848,2017-10-03
"543916","74588","221825","86560","57700",984589,2017-10-04
"543916","74588","221825","86560","57700",984589,2017-10-05
"543916","74588","221825","86560","57696",984585,2017-10-06
"543916","74588","221825","86560","57700",984589,2017-10-07
"577642","79455","218679","97973","59635",1033384,2017-10-08
"543916","74588","221825","86560","57700",984589,2017-10-09
"527361","59374","195450","76738","48040",906963,2017-10-10
"537444","63811","214318","85870","54781",956224,2017-10-11
"543916","74588","221678","86560","57700",984442,2017-10-12
"535111","69559","218401","84963","62172",970206,2017-10-13
"500879","73146","217716","82278","55759",929778,2017-10-14
"546614","74594","222771","86845","58445",989269,2017-10-15
"539796","56993","211072","79606","51143",938610,2017-10-16
"549692","67748","222767","86750","59478",986435,2017-10-17
"549893","73984","221714","86750","58562",990903,2017-10-18
"549893","73984","221714","86750","58562",990903,2017-10-19
"548382","73942","222431","87731","47641",980127,2017-10-20
"531453","67548","177887","73334","57313",907535,2017-10-21
"545182","73477","216140","78265","56910",969974,2017-10-22
"549718","73477","219849","86640","58837",988521,2017-10-23
"549718","73477","219830","86640","58837",988502,2017-10-24
"549718","73477","219830","86640","58837",988502,2017-10-25
"549718","72245","219837","86640","58837",987277,2017-10-26
"522581","58613","216375","85089","54143",936801,2017-10-27
"549132","73115","219322","86578","58319",986466,2017-10-28
"549132","73115","219322","86578","58319",986466,2017-10-29
"549132","73115","219322","86578","58319",986466,2017-10-30
"547461","72465","219318","86578","58034",983856,2017-10-31
"548777","67425","181708","78900","58272",935082,2017-11-01
"523692","55415","215834","86578","52966",934485,2017-11-02
"549132","73115","219322","86578","58319",986466,2017-11-03
"549132","73115","219322","86578","58319",986466,2017-11-04
"549132","73115","219115","86578","58319",986259,2017-11-05
"549101","72608","218429","83396","58319",981853,2017-11-06
"545519","73115","218737","86311","53286",976968,2017-11-07
"497124","68330","217255","86716","58814",928239,2017-11-08
"491595","71639","218372","86375","59207",927188,2017-11-09
"540184","72949","207935","78680","58326",958074,2017-11-10
"549132","73115","219322","86578","58319",986466,2017-11-11
"541125","60218","208220","78654","56930",945147,2017-11-12
"497675","66759","214459","84268","58934",922095,2017-11-13
"546887","72388","219065","85949","58203",982492,2017-11-14
"546887","72388","219074","85949","58203",982501,2017-11-15
"546887","72388","219069","85949","58203",982496,2017-11-16
"546887","71110","217796","85949","58203",979945,2017-11-17
"546985","72395","218974","85949","52427",976730,2017-11-18
"546833","72395","218974","85949","52911",977062,2017-11-19
"546896","72395","218974","85949","58102",982316,2017-11-20
"522053","72029","217319","85937","56869",954207,2017-11-21
"520760","52597","163335","69517","56977",863186,2017-11-22
"546851","71583","199885","84890","54189",957398,2017-11-23
"546838","71648","208363","85930","57607",970386,2017-11-24
"546838","71648","208363","85930","57607",970386,2017-11-25
"541725","71683","207376","83742","55713",960239,2017-11-26
"545860","60694","191397","83790","57219",938960,2017-11-27
"544964","62365","201170","80112","54450",943061,2017-11-28
"497807","62216","198379","77569","56611",892582,2017-11-29
"533063","69667","193370","83075","55343",934518,2017-11-30
"506304","69961","206195","81067","56310",919837,2017-12-01
"546083","70453","207150","83170","56271",963127,2017-12-02
"546245","70453","206900","83170","56570",963338,2017-12-03
"545206","67579","202876","78760","55524",949945,2017-12-04
"539670","64027","199362","82219","54564",939842,2017-12-05
"541661","70887","195363","82363","53499",943773,2017-12-06
"514716","69566","208479","83040","51180",926981,2017-12-07
"560427","57684","181657","72547","49000",921315,2017-12-08
"546302","70453","206914","83170","56432",963271,2017-12-09
"546302","70453","206914","83170","56271",963110,2017-12-10
"546302","70275","207765","83170","56271",963783,2017-12-11
"546302","70453","206914","83170","56271",963110,2017-12-12
"500136","50959","161361","61072","55348",828876,2017-12-13
"488154","57861","170279","65257","45058",826609,2017-12-14
"522027","64612","189193","67988","53618",897438,2017-12-15
"528661","65011","204073","83233","55484",936462,2017-12-16
"510646","76851","188797","78127","48134",902555,2017-12-17
"521945","61647","172354","69330","44122",869398,2017-12-18
"534055","55251","175044","66922","42413",873685,2017-12-19
"537489","69110","192657","69091","47573",915920,2017-12-20
"548733","68941","203323","77959","45917",944873,2017-12-21
"536852","68070","174174","77457","51520",908073,2017-12-22
"511940","69685","194618","75191","47368",898802,2017-12-23
"531483","69203","180229","70327","47925",899167,2017-12-24
"533080","69607","197674","77614","52666",930641,2017-12-25
"539364","69545","201925","77617","51802",940253,2017-12-26
"466667","75276","188230","56936","43601",830710,2017-12-27
"529807","69763","206227","76996","51861",934654,2017-12-28
"537350","68644","206072","77677","50635",940378,2017-12-29
"539455","69763","206227","77677","51810",944932,2017-12-30
"539632","69763","206227","77677","52233",945532,2017-12-31
"539500","69763","206227","77677","51861",945028,2018-01-01
"539500","69763","206227","77677","51861",945028,2018-01-02
"539500","69763","206227","77677","51861",945028,2018-01-03
"538682","69763","206505","77677","51861",944488,2018-01-04
"539500","69763","205701","77677","51861",944502,2018-01-05
"549852","60127","190084","82379","52498",934940,2018-01-06
"550928","71288","194765","90928","50409",958318,2018-01-07
"538341","69763","196204","77766","52046",934120,2018-01-08
"530168","63415","204889","77681","51288",927441,2018-01-09
"539500","69763","206227","77677","51861",945028,2018-01-10
"526287","64402","190133","75203","53398",909423,2018-01-11
"540115","70530","207273","78114","53517",949549,2018-01-12
"539817","70530","208074","78114","53513",950048,2018-01-13
"540004","70530","207174","78114","53549",949371,2018-01-14
"527951","70377","177232","64909","53474",893943,2018-01-15
"540110","70503","206792","77711","53515",948631,2018-01-16
"540110","70503","206792","77711","53726",948842,2018-01-17
"540110","70503","207019","77711","53516",948859,2018-01-18
"540067","70437","205440","77711","53516",947171,2018-01-19
"540110","70503","206916","77711","53538",948778,2018-01-20
"541778","68800","199280","76490","53518",939866,2018-01-21
"540110","70504","206972","77793","53518",948897,2018-01-22
"540110","70504","206972","77793","53518",948897,2018-01-23
"535369","67520","199290","77793","54612",934584,2018-01-24
"497087","57951","170832","64101","48052",838023,2018-01-25
"539823","69981","187491","77580","53049",927924,2018-01-26
"515253","65160","195871","75207","52405",903896,2018-01-27
"539823","69972","201666","77585","50772",939818,2018-01-28
"525997","69257","197470","72897","51023",916644,2018-01-30
"493691","61071","183518","71597","45046",854923,2018-01-31
"532199","68609","182755","73927","53065",910555,2018-02-01
"539848","69972","202267","77585","53049",942721,2018-02-02
"539823","69972","201665","77585","53049",942094,2018-02-03
"539823","70047","200116","77595","53293",940874,2018-02-04
"534571","70287","200556","73653","53377",932444,2018-02-05
"539823","69972","201665","77585","53049",942094,2018-02-06
"501103","68913","200855","77257","53450",901578,2018-02-07
"477560","73097","191405","75673","54329",872064,2018-02-08
"537949","70250","188223","69657","54129",920208,2018-02-09
"531515","68940","186481","73105","52261",912302,2018-02-10
"538941","68763","202101","77086","53711",940602,2018-02-11
"539745","67122","191683","77614","53100",929264,2018-02-12
"455368","77275","200524","57456","41376",831999,2018-02-13
"540524","71707","177298","78288","54196",922013,2018-02-14
"540118","71523","204419","78096","53273",947429,2018-02-15
"540118","71523","204419","78096","53273",947429,2018-02-16
"540118","71523","198371","78096","53273",941381,2018-02-17
"540118","71523","204481","78096","53273",947491,2018-02-18
"540118","71523","204481","78096","53273",947491,2018-02-19
"479643","53627","190419","76278","53121",853088,2018-02-20
"527676","69765","204322","78116","53294",933173,2018-02-21
"538647","70140","163848","73594","53511",899740,2018-02-22
"540128","71275","199207","77155","53247",941012,2018-02-23
"540128","71211","204415","78182","53105",947041,2018-02-24
"540128","71211","204778","78182","53246",947545,2018-02-25
"546493","70189","200392","69127","48786",934987,2018-02-26
"562053","52791","172395","65726","46777",899742,2018-02-27
"540837","71388","200744","72484","53237",938690,2018-02-28
"532776","74034","201572","83354","51736",943472,2018-03-01
"540128","71211","204409","78182","53246",947176,2018-03-02
"540128","71269","203002","78182","53246",945827,2018-03-03
"530775","72829","203205","73892","44289",924990,2018-03-04
"540128","71211","204409","78182","53246",947176,2018-03-05
"540128","71211","204409","78182","53246",947176,2018-03-06
"540128","71211","204409","78182","53246",947176,2018-03-07
"526739","71941","203802","73279","53575",929336,2018-03-08
"540128","70885","207528","78182","53251",949974,2018-03-09
"512483","67813","194804","71238","46813",893151,2018-03-10
"524556","82935","212637","87900","65538",973566,2018-03-11
"540070","75861","208258","89656","54386",968231,2018-03-12
"537939","75416","163270","73572","54628",904825,2018-03-13
"526067","58043","178534","64524","47371",874539,2018-03-14
"524718","56677","175994","71136","51885",880410,2018-03-15
"539274","73138","205964","81058","54515",953949,2018-03-16
"539274","73138","205964","80530","53613",952519,2018-03-17
"539274","73138","205964","80530","53613",952519,2018-03-18
"539274","73138","205964","80530","53613",952519,2018-03-19
"539384","72250","197257","80669","53621",943181,2018-03-20
"539260","73144","205991","80538","57280",956213,2018-03-21
"539278","73144","205991","80538","53819",952770,2018-03-22
"539544","73144","205991","80538","53824",953041,2018-03-23
"539291","73144","205991","80538","53820",952784,2018-03-24
"529939","62455","183419","77972","51880",905665,2018-03-25
"513431","68192","194147","76557","52899",905226,2018-03-26
"539116","72733","204608","80416","53770",950643,2018-03-27
"539285","72733","205627","80088","53775",951508,2018-03-28
"539285","72733","204608","80416","53775",950817,2018-03-29
"539285","72733","204595","80416","53775",950804,2018-03-30
"539285","72733","204608","80416","53775",950817,2018-03-31
"539285","72733","204608","80416","53775",950817,2018-04-01
"539285","72733","204608","80416","53775",950817,2018-04-02
"539285","72733","204608","80416","53775",950817,2018-04-03
"539285","72733","204608","80416","53775",950817,2018-04-04
"536337","72733","204764","80416","54034",948284,2018-04-05
"539285","72733","204608","80416","53775",950817,2018-04-06
"539285","72733","204691","80416","56557",953682,2018-04-07
"540380","73257","205748","80086","52544",952015,2018-04-08
"522064","64586","194648","70569","50436",902303,2018-04-09
"539285","72733","204608","80416","53775",950817,2018-04-10
"539285","72733","204608","80416","53775",950817,2018-04-11
"539285","72733","204608","80416","53775",950817,2018-04-12
"469478","71353","189161","81949","54245",866186,2018-04-13
"536358","72878","207556","81926","53810",952528,2018-04-14
"530982","56343","175587","67301","50516",880729,2018-04-15
"516546","63442","196059","78240","53591",907878,2018-04-16
"522927","60808","204427","78589","55269",922020,2018-04-17
"535381","69689","202556","82023","54261",943910,2018-04-18
"535381","69689","202556","82023","54261",943910,2018-04-19
"535394","61739","202720","82011","47078",928942,2018-04-20
"509241","50759","170271","58374","49601",838246,2018-04-21
"530905","66877","196977","79235","53443",927437,2018-04-22
"530905","66877","198855","79235","53443",929315,2018-04-23
"530905","66877","197092","79235","54129",928238,2018-04-24
"530905","66877","197198","79235","53477",927692,2018-04-25
"530905","66877","197092","79235","53477",927586,2018-04-26
"502453","67505","178681","74756","47583",870978,2018-04-27
"530905","66877","197092","79235","53477",927586,2018-04-28
"530905","66877","197092","79235","53477",927586,2018-04-29
"530905","66877","197092","79235","53477",927586,2018-04-30
"530545","66877","196186","78391","53595",925594,2018-05-01
"530905","66877","197092","79235","53477",927586,2018-05-02
"530905","66877","197092","79235","53477",927586,2018-05-03
"454066","64366","196021","74236","52918",841607,2018-05-04
"530905","66877","197092","79235","53477",927586,2018-05-05
"529940","55605","186460","79235","48626",899866,2018-05-06
"527477","66877","197090","79235","53332",924011,2018-05-07
"530905","66877","197092","79235","53477",927586,2018-05-08
"530905","66877","197092","79235","53477",927586,2018-05-09
"530905","66877","197274","79235","53477",927768,2018-05-10
"530905","66800","197408","79235","53853",928201,2018-05-11
"530905","66874","197098","79235","53468",927580,2018-05-12
"530905","66874","197098","79235","53468",927580,2018-05-13
"530905","66874","197098","79235","53478",927590,2018-05-14
"530905","66874","197098","79235","53468",927580,2018-05-15
"530905","66874","197098","79235","53468",927580,2018-05-16
"516230","59224","180717","76044","39389",871604,2018-05-17
"530405","66783","196930","79235","50038",923391,2018-05-18
"523995","66595","194910","79235","50058",914793,2018-05-19
"530437","66782","196929","79235","50100",923483,2018-05-20
"530437","66782","196982","79235","50100",923536,2018-05-21
"484600","48789","141542","61935","46927",783793,2018-05-22
"526471","62728","182147","76902","50085",898333,2018-05-23
"493766","57719","170792","71674","50849",844800,2018-05-24
"526471","62728","182147","76902","50079",898327,2018-05-25
"526471","62728","182147","76902","50079",898327,2018-05-26
"522235","62578","176283","70121","46241",877458,2018-05-27
"526471","62728","176089","76902","50079",892269,2018-05-28
"503584","51769","170265","67055","41596",834269,2018-05-29
"526471","62292","182133","76902","50079",897877,2018-05-30
"472483","64166","171782","73394","49561",831386,2018-05-31
"526471","62728","182147","76902","50079",898327,2018-06-01
"526471","62728","182147","76902","50291",898539,2018-06-02
"526471","62728","182147","76902","50079",898327,2018-06-03
"498851","62071","181992","76902","48072",867888,2018-06-04
"526471","62728","182147","76902","50079",898327,2018-06-05
"526757","62728","176149","76917","53928",896479,2018-06-06
"486284","58823","182533","76902","44076",848618,2018-06-07
"525406","62801","178200","71655","50312",888374,2018-06-08
"514498","60920","167633","63053","49142",855246,2018-06-09
"526548","62790","182786","76938","50094",899156,2018-06-10
"526548","63716","184235","76938","50094",901531,2018-06-11
"526548","62906","182807","76938","50094",899293,2018-06-12
"489952","47225","138789","60449","43457",779872,2018-06-13
"525302","61440","177875","75091","50333",890041,2018-06-14
"518452","55101","186586","70545","50333",881017,2018-06-15
"525633","59139","148004","75385","50378",858539,2018-06-16
"541796","59364","160659","69407","54357",885583,2018-06-17
"526028","61388","181373","73840","50564",893193,2018-06-18
"526763","62045","180670","75532","50552",895562,2018-06-19
"532075","60962","168655","69231","51235",882158,2018-06-20
"428241","67712","178543","66572","51247",792315,2018-06-21
"524374","66050","191068","71961","53326",906779,2018-06-22
"527897","63433","184415","76444","50657",902846,2018-06-23
"527897","63433","184415","76444","50609",902798,2018-06-24
"524307","59172","182408","76393","48242",890522,2018-06-25
"506433","62615","180582","76633","50109",876372,2018-06-26
"514087","59503","183950","76444","50507",884491,2018-06-27
"527897","63433","184415","76444","50609",902798,2018-06-28
"433854","49390","161451","66370","47809",758874,2018-06-29
"527897","63433","184535","76494","50609",902968,2018-06-30
"527897","63433","184532","76444","50609",902915,2018-07-01
"522967","63636","194713","76444","55901",913661,2018-07-02
"527614","63644","181717","76444","50699",900118,2018-07-03
"544288","47881","154597","71260","47144",865170,2018-07-04
"523121","63477","184415","76444","51392",898849,2018-07-05
"527897","63433","184415","76444","50609",902798,2018-07-06
"527897","63433","184415","76444","50609",902798,2018-07-07
"525541","63433","188427","76916","51433",905750,2018-07-08
"529430","60213","179069","74174","50923",893809,2018-07-09
"521472","53163","162813","65564","50792",853804,2018-07-10
"527479","62697","184404","76247","50778",901605,2018-07-11
"545876","60114","190272","73667","65845",935774,2018-07-12
"528814","62962","185630","77287","54209",908902,2018-07-13
"528814","62962","186540","76885","54209",909410,2018-07-14
"518547","61923","184949","77292","54302",897013,2018-07-15
"530071","61525","178362","77126","49865",896949,2018-07-16
"528982","62984","185169","77302","54519",908956,2018-07-17
"530394","69822","198981","79979","60180",939356,2018-07-18
"484757","64721","187539","76756","48382",862155,2018-07-19
"529192","64260","186957","77935","55216",913560,2018-07-20
"526807","64260","184114","77642","55175",907998,2018-07-21
"528976","64043","186763","77938","56867",914587,2018-07-22
"528976","64284","186833","77938","55609",913640,2018-07-23
"528922","62812","184273","73219","55214",904440,2018-07-24
"510544","50420","159016","74833","48571",843384,2018-07-25
"528670","64260","185951","77938","53265",910084,2018-07-26
"529934","64260","186558","78484","55343",914579,2018-07-27
"491410","63509","179409","78618","55983",868929,2018-07-28
"528976","64260","186980","77989","53492",911697,2018-07-29
"504608","64465","186133","77938","55021",888165,2018-07-30
"528976","64260","186558","77938","55204",912936,2018-07-31
"528294","63139","177595","78014","54951",901993,2018-08-01
"528976","64260","186687","77938","55387",913248,2018-08-02
"475607","69647","191155","78449","58331",873189,2018-08-03
"528976","64260","186558","77938","55204",912936,2018-08-04
"528976","64260","186558","77938","55204",912936,2018-08-05
"517418","50667","157968","66162","50432",842647,2018-08-06
"546841","62048","182539","83246","64243",938917,2018-08-07
"529621","64314","188151","78336","56789",917211,2018-08-08
"529621","64314","188151","78336","56561",916983,2018-08-09
"521831","48753","172587","78336","50019",871526,2018-08-10
"553649","48006","151133","65655","52313",870756,2018-08-11
"530979","60513","177610","77045","56883",903030,2018-08-12
"530709","60666","178336","78874","53214",901799,2018-08-13
"528990","65152","180486","77702","53214",905544,2018-08-14
"511150","61012","177133","75211","53214",877720,2018-08-15
"517462","56629","165742","70849","47326",858008,2018-08-16
"530983","60074","177575","78705","53169",900506,2018-08-17
"528423","60593","178128","80039","63750",910933,2018-08-18
"530484","60114","178519","79017","54790",902924,2018-08-19
"548656","56038","177156","74478","56003",912331,2018-08-20
"531346","60041","180360","79144","54799",905690,2018-08-21
"531346","60162","179510","79261","55116",905395,2018-08-22
"531346","60041","179936","79090","54799",905212,2018-08-23
"531346","60041","179510","79144","54799",904840,2018-08-24
"531346","60099","179771","79144","54088",904448,2018-08-25
"531346","60041","179525","79144","54799",904855,2018-08-26
"531346","60041","179510","79144","54876",904917,2018-08-27
"531346","60041","179540","79144","54799",904870,2018-08-28
"531504","60269","164593","77835","56267",890468,2018-08-29
"526022","59733","181919","79275","52156",899105,2018-08-30
"531361","59702","181075","79144","54847",906129,2018-08-31
"526062","61653","169327","74640","54811",886493,2018-09-01
"531628","59116","176811","79144","55102",901801,2018-09-02
"531346","60041","179510","79144","54799",904840,2018-09-03
"510349","59995","179615","79144","55451",884554,2018-09-04
"531346","60041","179510","79144","54799",904840,2018-09-05
"513723","57119","168273","64952","49384",853451,2018-09-06
"518669","60882","179398","78263","54305",891517,2018-09-07
"488856","63160","182314","89436","49939",873705,2018-09-08
"533326","65335","191569","84275","54630",929135,2018-09-09
"509021","62082","181391","79616","56634",888744,2018-09-10
"531668","61160","181981","83507","54559",912875,2018-09-11
"537518","53131","162661","83507","50511",887328,2018-09-12
"531769","60553","180485","82748","53639",909194,2018-09-13
"531769","60553","180814","83512","53639",910287,2018-09-14
"531769","60553","180880","74173","53639",901014,2018-09-15
"531769","60553","180818","83517","53639",910296,2018-09-16
"532561","47083","158351","83517","50479",871991,2018-09-17
"532544","59761","177813","83517","53471",907106,2018-09-18
"532525","59497","177441","83517","53660",906640,2018-09-19
"532705","61869","177607","83517","54195",909893,2018-09-20
"532525","59275","179136","83517","54522",908975,2018-09-21
"532525","59497","177441","83517","53660",906640,2018-09-22
"515985","56137","161263","71093","51740",856218,2018-09-23
"517070","59497","177456","80845","55209",890077,2018-09-24
"477610","58930","189110","87435","51319",864404,2018-09-25
"524850","53127","159100","78040","52318",867435,2018-09-26
"532525","59492","177657","83517","53660",906851,2018-09-27
"493006","58943","167717","80137","45725",845528,2018-09-28
"494469","58142","169074","81296","53211",856192,2018-09-29
"531251","59849","177602","83517","53836",906055,2018-09-30
"532525","59497","177441","83517","53660",906640,2018-10-01
"532525","59497","177441","83517","53660",906640,2018-10-02
"527212","57887","163222","80371","51098",879790,2018-10-03
"532525","59497","177441","83517","53660",906640,2018-10-04
"532525","59497","177441","83517","53660",906640,2018-10-05
"532525","59497","177441","83517","53660",906640,2018-10-06
"532525","59497","177441","83517","53659",906639,2018-10-07
"532525","59497","177671","83517","53659",906869,2018-10-08
"503259","55146","166441","69006","48155",842007,2018-10-09
"532527","59749","178102","83599","53831",907808,2018-10-10
"532527","59749","178102","83599","53831",907808,2018-10-11
"532527","59749","178296","83599","53831",908002,2018-10-12
"532086","59732","178109","75924","53831",899682,2018-10-13
"553348","53157","162041","69704","54110",892360,2018-10-14
"519732","61922","189906","75456","54598",901614,2018-10-15
"534537","60168","180969","80123","55540",911337,2018-10-16
"534537","60168","183051","80123","55540",913419,2018-10-17
"532635","60734","184263","80487","55641",913760,2018-10-18
"534727","60223","181840","80220","55712",912722,2018-10-19
"534727","60223","181840","80220","55712",912722,2018-10-20
"485587","59801","184561","80963","55712",866624,2018-10-21
"534727","60223","181840","80220","55712",912722,2018-10-22
"534804","60292","181840","80286","55956",913178,2018-10-23
"534727","60542","181906","80096","55712",912983,2018-10-24
"534727","60223","181840","80220","55712",912722,2018-10-25
"518779","57954","178889","78720","53220",887562,2018-10-26
"534727","60223","181982","80220","55712",912864,2018-10-27
"532399","60362","171122","76455","54106",894444,2018-10-28
"534758","60225","181840","80220","55767",912810,2018-10-29
"502236","57062","167573","62291","54758",843920,2018-10-30
"534727","60223","181840","80220","55712",912722,2018-10-31
"534727","60223","182755","80220","55712",913637,2018-11-01
"534727","60223","181840","80220","55712",912722,2018-11-02
"533270","60252","180778","78910","55712",908922,2018-11-03
"534729","60223","181071","80220","55712",911955,2018-11-04
"534729","60223","181840","80220","55712",912724,2018-11-05
"534489","57390","185130","80220","55749",912978,2018-11-06
"534710","60819","186128","80220","57085",918962,2018-11-07
"522342","59404","172934","80234","53138",888052,2018-11-08
"534751","60670","182428","80221","55950",914020,2018-11-09
"534751","60573","181382","78816","55950",911472,2018-11-10
"534751","60679","144969","80204","55950",876553,2018-11-11
"526385","67758","139897","61212","53040",848292,2018-11-12
"534749","60957","188065","80398","56567",920736,2018-11-13
"534749","61185","185370","80398","56567",918269,2018-11-14
"534749","61202","184837","80398","56567",917753,2018-11-15
"534749","61186","185052","80398","56567",917952,2018-11-16
"534749","61186","185052","80398","56567",917952,2018-11-17
"459630","65580","187278","80590","56214",849292,2018-11-18
"534054","62987","185815","80473","55773",919102,2018-11-19
"534054","62987","185815","80473","55773",919102,2018-11-20
"534054","62987","185815","80473","55773",919102,2018-11-21
"534054","62987","185815","80473","55773",919102,2018-11-22
"525230","62892","185815","80473","52909",907319,2018-11-23
"534054","62987","185834","80473","55773",919121,2018-11-24
"533938","62987","185690","80473","55758",918846,2018-11-25
"534054","62987","185815","80473","55773",919102,2018-11-26
"534054","62987","185815","80473","55773",919102,2018-11-27
"534054","62987","185815","80473","55773",919102,2018-11-28
"530376","62987","182942","74894","55531",906730,2018-11-29
"523180","59339","185822","80473","55753",904567,2018-11-30
"534054","62987","185815","80473","55773",919102,2018-12-01
"524444","63305","185911","79457","57546",910663,2018-12-02
"539049","62868","194936","80516","55981",933350,2018-12-03
"455568","63322","188852","77013","55275",840030,2018-12-04
"534393","63186","182849","80862","55845",917135,2018-12-05
"534393","63186","185958","80862","55845",920244,2018-12-06
"533341","61903","181185","76824","55786",909039,2018-12-07
"534640","63272","187798","80862","55079",921651,2018-12-08
"511741","71980","193269","77918","52771",907679,2018-12-09
"509739","60652","166943","74635","52609",864578,2018-12-10
"495258","50502","161285","76108","49585",832738,2018-12-11
"482835","60329","150113","77762","56945",827984,2018-12-12
"436019","55823","175200","73216","42703",782961,2018-12-13
"534412","63467","185153","81057","55141",919230,2018-12-14
"487598","68369","177331","77515","56365",867178,2018-12-15
"498836","58708","168466","70321","51549",847880,2018-12-16
"517921","58096","163891","67617","48104",855629,2018-12-17
"487430","62332","172358","73560","50300",845980,2018-12-18
"501138","65817","190176","74160","63377",894668,2018-12-19
"468843","64715","176724","77281","50492",838055,2018-12-20
"507293","64755","184528","74171","55465",886212,2018-12-21
"532297","58837","179394","77178","53367",901073,2018-12-22
"527615","63546","177682","69839","55734",894416,2018-12-23
"511881","60071","185554","78563","52325",888394,2018-12-24
"532839","63916","184878","78830","56277",916740,2018-12-25
"463349","62776","171454","74948","54840",827367,2018-12-26
"547602","50973","158315","69353","53093",879336,2018-12-27
"523747","54391","162078","68686","53381",862283,2018-12-28
"559652","62539","185518","79737","54205",941651,2018-12-29
"559327","80003","212855","95525","59296",1007006,2018-12-30
"528414","62690","172506","79641","55731",898982,2018-12-31
"602727","53791","157677","71938","56702",942835,2019-01-01
"553061","47568","149143","68701","51504",869977,2019-01-02
"555124","59612","167726","77889","53371",913722,2019-01-03
"536441","61098","175625","78072","55156",906392,2019-01-04
"549660","63960","190808","89571","60070",954069,2019-01-05
"540286","62902","182996","80082","57078",923344,2019-01-06
"540286","62905","181933","80082","55871",921077,2019-01-07
"540286","62929","182984","80082","57085",923366,2019-01-08
"540286","62929","166732","80082","56425",906454,2019-01-09
"512803","74445","190278","80075","48971",906572,2019-01-10
"483955","66199","163739","79359","47553",840805,2019-01-11
"491347","57319","167843","73915","51378",841802,2019-01-12
"509525","66906","181759","73261","57374",888825,2019-01-13
"540400","66399","181334","80603","57374",926110,2019-01-14
"495509","95199","191152","80603","43920",906383,2019-01-15
"540665","78704","192527","80603","58028",950527,2019-01-16
"521724","67188","175100","74347","49630",887989,2019-01-17
"524486","78704","192452","80680","58162",934484,2019-01-18
"511558","59307","178472","79695","54546",883578,2019-01-19
"540944","79073","191965","80590","49629",942201,2019-01-20
"519412","67545","168900","74715","47332",877904,2019-01-22
"542172","63672","166457","72984","51260",896545,2019-01-23
"521916","60893","166521","74329","51265",874924,2019-01-24
"513129","61377","182126","75671","55074",887377,2019-01-25
"492840","68603","188396","82595","57557",889991,2019-01-26
"501957","69747","179950","75617","57450",884721,2019-01-27
"540520","78704","192416","80772","58028",950440,2019-01-28
"540665","78704","191987","80603","58028",949987,2019-01-29
"540665","78704","191987","80603","58028",949987,2019-01-30
"540665","78704","191987","80603","58028",949987,2019-01-31
"540665","78704","191987","80603","58028",949987,2019-02-01
"540665","78704","191987","80603","58028",949987,2019-02-02
"508636","64086","192172","75188","50221",890303,2019-02-03
"541339","78753","193983","80753","58326",953154,2019-02-04
"461105","65831","204903","73437","58266",863542,2019-02-05
"489619","73155","177408","78892","52558",871632,2019-02-06
"541559","81187","197163","77667","59357",956933,2019-02-07
"541799","81298","198220","79997","59357",960671,2019-02-08
"541799","81298","198220","79997","59357",960671,2019-02-09
"541799","81298","198439","79173","59357",960066,2019-02-10
"540526","81298","198234","79441","59366",958865,2019-02-11
"494698","76408","189787","81073","50196",892162,2019-02-12
"540240","78105","187980","80096","48143",934564,2019-02-13
"488839","72620","178745","73402","52502",866108,2019-02-14
"511302","75501","191710","82243","56502",917258,2019-02-15
"473642","72955","184488","77783","50330",859198,2019-02-16
"490584","78674","197281","71245","56317",894101,2019-02-17
"540840","80599","198878","78921","57856",957094,2019-02-18
"540840","80599","198878","78921","57856",957094,2019-02-19
"540841","80599","198878","78921","57856",957095,2019-02-20
"540840","80599","198878","78921","57856",957094,2019-02-21
"540840","80599","199762","78921","58148",958270,2019-02-22
"516631","77085","201392","76248","56713",928069,2019-02-23
"540840","80599","198836","78921","57856",957052,2019-02-24
"524001","80520","192312","74927","57867",929627,2019-02-25
"537971","79693","195402","79228","57856",950150,2019-02-26
"540840","80599","198878","78921","57856",957094,2019-02-27
"540823","80599","199978","78979","57856",958235,2019-02-28
"540840","80599","198878","78921","57856",957094,2019-03-01
"540840","80599","198878","78921","57856",957094,2019-03-02
"540500","80599","202278","78878","57742",959997,2019-03-03
"540906","80599","199058","78919","57914",957396,2019-03-04
"540906","80599","199058","78919","57914",957396,2019-03-05
"540906","80599","199058","78919","57914",957396,2019-03-06
"540906","80599","199058","78919","57933",957415,2019-03-07
"540906","80599","199058","78919","57912",957394,2019-03-08
"439165","73659","187232","80044","56263",836363,2019-03-09
"542201","80875","201672","79761","53940",958449,2019-03-10
"542201","80766","201672","79761","53994",958394,2019-03-11
"542201","80873","202018","79761","53942",958795,2019-03-12
"505420","56918","163521","73308","49546",848713,2019-03-13
"471174","73195","156244","79222","54515",834350,2019-03-14
"541325","74928","193231","79310","53939",942733,2019-03-15
"496874","74285","182442","77614","44568",875783,2019-03-16
"542276","75802","192171","79381","52978",942608,2019-03-17
"539650","75256","192014","78784","53550",939254,2019-03-18
"542276","75802","192171","79381","52978",942608,2019-03-19
"542276","75802","192171","79381","52978",942608,2019-03-20
"542263","75384","190189","77475","53005",938316,2019-03-21
"542276","75802","192171","79381","52978",942608,2019-03-22
"542276","75802","192171","79381","52978",942608,2019-03-23
"542276","75802","192171","79381","52978",942608,2019-03-24
"542276","75802","192171","79381","52978",942608,2019-03-25
"426606","72674","192530","73192","50889",815891,2019-03-26
"529346","72787","192492","79011","52978",926614,2019-03-27
"542276","75802","192171","79381","53032",942662,2019-03-28
"542276","75802","192171","79381","52978",942608,2019-03-29
"542276","75802","192171","79381","52978",942608,2019-03-30
"460201","73858","198127","81530","53217",866933,2019-03-31
"515300","71701","187204","77351","52500",904056,2019-04-01
"538501","75631","192575","79364","53053",939124,2019-04-02
"497314","56160","163586","72699","48217",837976,2019-04-03
"542281","71633","190272","79193","53134",936513,2019-04-04
"542269","72916","190477","79200","53091",937953,2019-04-05
"542269","72916","190480","79200","53091",937956,2019-04-06
"542220","69735","187827","79082","53089",931953,2019-04-07
"505359","63921","185420","67183","49511",871394,2019-04-08
"516447","63249","173108","67789","50236",870829,2019-04-09
"542283","73240","182826","76382","53556",928287,2019-04-10
"541977","73076","191796","79228","47070",933147,2019-04-11
"542283","73076","191501","79312","53439",939611,2019-04-12
"542283","73076","191501","79312","53439",939611,2019-04-13
"542283","73076","191508","79312","53439",939618,2019-04-14
"542283","73076","191501","79312","53439",939611,2019-04-15
"542283","73076","191466","79375","52164",938364,2019-04-16
"542283","73076","191501","79312","53439",939611,2019-04-17
"542283","73076","191501","79312","53439",939611,2019-04-18
"542283","73076","191501","79312","53439",939611,2019-04-19
"542283","73076","191501","79312","53439",939611,2019-04-20
"542283","73076","191501","79312","53439",939611,2019-04-21
"542283","73076","191653","79312","53439",939763,2019-04-22
"542283","73076","191501","79312","53439",939611,2019-04-23
"542283","73076","191498","79312","53439",939608,2019-04-24
"542283","73129","192011","79312","54069",940804,2019-04-25
"542283","73076","190853","79312","53508",939032,2019-04-26
"542283","73076","191501","79312","53439",939611,2019-04-27
"502123","60801","171539","72528","50670",857661,2019-04-28
"542332","73076","192923","79312","53217",940860,2019-04-29
"542292","73076","191639","79312","54325",940644,2019-04-30
"534113","72896","192539","75884","58996",934428,2019-05-01
"506832","73405","180574","79851","59032",899694,2019-05-02
"541640","73523","191941","79565","55969",942638,2019-05-03
"495682","70045","185308","79565","49226",879826,2019-05-04
"541620","73409","191875","79565","55787",942256,2019-05-05
"541549","73409","191875","79851","56803",943487,2019-05-06
"541649","73409","191875","79565","55777",942275,2019-05-07
"541649","73409","191875","79565","55777",942275,2019-05-08
"541649","73409","191832","79565","55777",942232,2019-05-09
"541765","73454","191757","76846","55800",939622,2019-05-10
"541634","73408","191877","79565","55981",942465,2019-05-11
"541634","73219","191931","79565","55745",942094,2019-05-12
"541634","73417","191879","79565","55745",942240,2019-05-13
"541634","73417","191879","79565","55745",942240,2019-05-14
"541634","73417","191804","79565","55872",942292,2019-05-15
"455888","61011","160680","72150","43453",793182,2019-05-16
"541634","73417","191981","79565","55745",942342,2019-05-17
"541634","73417","191879","79565","55801",942296,2019-05-18
"541634","73417","191879","79565","55745",942240,2019-05-19
"541634","73417","191879","79565","55745",942240,2019-05-20
"538980","73323","182233","79637","51721",925894,2019-05-21
"541634","73417","191879","79565","55745",942240,2019-05-22
"541634","73417","191879","79565","55745",942240,2019-05-23
"541312","73417","191879","79565","55745",941918,2019-05-24
"541634","73417","191879","79565","55745",942240,2019-05-25
"541634","73417","191879","79565","55745",942240,2019-05-26
"539512","72886","192245","78625","57175",940443,2019-05-27
"541634","73417","191879","79565","55745",942240,2019-05-28
"383196","59297","184363","60048","37309",724213,2019-05-29
"513661","73408","191862","75643","55729",910303,2019-05-30
"513661","73408","191862","75643","55729",910303,2019-05-31
"507314","70021","191361","74505","51735",894936,2019-06-01
"513639","72273","175392","75646","55719",892669,2019-06-02
"469789","75621","192922","77799","56160",872291,2019-06-03
"508961","73924","184780","75876","52530",896071,2019-06-04
"507730","72680","193169","76101","53776",903456,2019-06-05
"511944","73883","193169","76101","55177",910274,2019-06-06
"511944","73883","193695","76101","55177",910800,2019-06-07
"511798","73883","198752","76101","56851",917385,2019-06-08
"509966","73883","193283","76101","52766",905999,2019-06-09
"511851","72013","191070","75828","55389",906151,2019-06-10
"511851","73842","193049","76083","55374",910199,2019-06-11
"511851","73842","193051","76083","55403",910230,2019-06-12
"504976","73842","195627","76277","55374",906096,2019-06-13
"499470","75537","192972","72291","46671",886941,2019-06-14
"464105","65058","177530","70195","47271",824159,2019-06-15
"511851","73842","193051","76083","55374",910201,2019-06-16
"498527","55845","157934","64270","50384",826960,2019-06-17
"458865","61296","172944","67619","48058",808782,2019-06-18
"488797","74107","192068","75894","54262",885128,2019-06-19
"502893","73283","193051","76484","52048",897759,2019-06-20
"511851","73842","193051","76083","55374",910201,2019-06-21
"511851","73842","193051","76083","55374",910201,2019-06-22
"511851","73842","193051","76083","55374",910201,2019-06-23
"511851","73842","193051","76083","55374",910201,2019-06-24
"511851","73842","193051","76083","55374",910201,2019-06-25
"505974","58139","171348","68980","51254",855695,2019-06-26
"514292","49141","155572","65163","48510",832678,2019-06-27
"515394","65077","176703","74539","49236",880949,2019-06-28
"517587","67149","179057","72526","47437",883756,2019-06-29
"516602","67368","189560","74659","53331",901520,2019-06-30
"516602","67368","189560","74659","53331",901520,2019-07-01
"516483","67368","189635","74659","53475",901620,2019-07-02
"516590","67368","189368","74659","53335",901320,2019-07-03
"486967","62764","186881","75493","53362",865467,2019-07-04
"516920","67470","189542","74874","53413",902219,2019-07-05
"511420","62867","185056","75375","54575",889293,2019-07-06
"516952","63789","179674","74912","49711",885038,2019-07-07
"516950","67225","186742","74912","53895",899724,2019-07-08
"516950","67225","186742","74912","54074",899903,2019-07-09
"516950","67225","189042","74912","53935",902064,2019-07-10
"516950","67142","190737","74912","53903",903644,2019-07-11
"465006","65460","169638","65006","53481",818591,2019-07-12
"528017","67582","188255","71788","54891",910533,2019-07-13
"517012","67225","187441","74912","54674",901264,2019-07-14
"516950","67225","187191","74912","53903",900181,2019-07-15
"491832","61127","179172","71606","55283",859020,2019-07-16
"534963","49135","152742","68948","47588",853376,2019-07-17
"516950","67225","187191","74912","53903",900181,2019-07-18
"520304","66777","180418","73194","55702",896395,2019-07-19
"525623","62873","181908","82379","55968",908751,2019-07-20
"516950","67225","187191","74912","53903",900181,2019-07-21
"516950","67225","187191","74912","53903",900181,2019-07-22
"516950","67225","187191","74912","53903",900181,2019-07-23
"516950","67225","187191","74912","53891",900169,2019-07-24
"478227","65201","185982","72422","51508",853340,2019-07-25
"516950","67225","187191","74912","53903",900181,2019-07-26
"483809","66546","184303","74842","54961",864461,2019-07-27
"506607","57988","177862","67959","50613",861029,2019-07-28
"517271","67239","187169","74944","54410",901033,2019-07-29
"517103","66084","187743","75005","54037",899972,2019-07-30
"509809","67187","185743","77878","55206",895823,2019-07-31
"513146","65312","181184","73582","59232",892456,2019-08-01
"517682","66621","188896","74966","54335",902500,2019-08-02
"517682","67397","188190","74966","54387",902622,2019-08-03
"517682","67518","188190","74966","54328",902684,2019-08-04
"519826","67518","188190","75435","60814",911783,2019-08-05
"517835","68631","189222","74989","59641",910318,2019-08-06
"517835","67589","189519","74989","54932",904864,2019-08-07
"517840","67600","188889","75200","55787",905316,2019-08-08
"518620","67589","188534","75003","54760",904506,2019-08-09
"517846","62019","172683","76864","56319",885731,2019-08-10
"518049","67589","188395","75003","54976",904012,2019-08-11
"512334","64311","174998","72449","53114",877206,2019-08-12
"518049","67589","188395","75003","54976",904012,2019-08-13
"515595","67498","188395","74193","54858",900539,2019-08-14
"518049","67589","188395","75003","54976",904012,2019-08-15
"518049","67589","188395","75003","54976",904012,2019-08-16
"518651","67589","188652","76042","54976",905910,2019-08-17
"518049","67589","188395","75003","54976",904012,2019-08-18
"548079","64634","158783","69575","49992",891063,2019-08-19
"518049","67589","188395","75003","54976",904012,2019-08-20
"469055","59383","184538","78459","55542",846977,2019-08-21
"527436","64799","184723","82915","74809",934682,2019-08-22
"532014","61160","167968","77513","55222",893877,2019-08-23
"518049","67589","188395","75003","54976",904012,2019-08-24
"509940","56402","181273","75003","54096",876714,2019-08-25
"517866","67756","188258","75003","56581",905464,2019-08-26
"517866","67756","189331","75003","56581",906537,2019-08-27
"522832","67684","188878","76003","65652",921049,2019-08-28
"515275","67916","186470","75006","56870",901537,2019-08-29
"518084","68220","319199","75006","58207",1038716,2019-08-30
"518179","67917","188198","75006","58245",907545,2019-08-31
"518179","67917","188198","75006","58245",907545,2019-09-01
"486493","72989","192251","75030","58618",885381,2019-09-02
"516870","58077","170320","77348","56055",878670,2019-09-03
"524177","68393","187640","77287","57831",915328,2019-09-04
"480840","62777","186464","78406","56775",865262,2019-09-05
"425394","62882","185630","80886","57331",812123,2019-09-06
"509109","73357","171350","82778","60193",896787,2019-09-07
"527962","70448","189357","81050","57677",926494,2019-09-08
"532955","67681","173074","77749","56769",908228,2019-09-09
"527386","58997","168564","80828","57730",893505,2019-09-10
"494604","70256","181921","87525","56127",890433,2019-09-11
"527962","70448","189357","81050","57677",926494,2019-09-12
"527962","70448","189357","81050","57677",926494,2019-09-13
"527962","70448","189357","81050","57165",925982,2019-09-14
"527962","70448","189357","81050","57677",926494,2019-09-15
"527002","70943","190461","81050","53750",923206,2019-09-16
"527962","70448","189357","81050","57677",926494,2019-09-17
"527962","70448","189357","81050","57677",926494,2019-09-18
"527962","70448","189357","81050","57677",926494,2019-09-19
"527962","70448","189357","81050","57677",926494,2019-09-20
"527962","70448","189357","81050","57677",926494,2019-09-21
"527962","70448","189357","81050","57677",926494,2019-09-22
"527962","70448","189357","81050","57603",926420,2019-09-23
"527962","70448","189357","81050","57690",926507,2019-09-24
"520555","44726","162184","79286","57055",863806,2019-09-25
"527758","65341","183397","81062","57381",914939,2019-09-26
"510978","65121","183199","79601","54587",893486,2019-09-27
"527880","65492","183397","81141","57516",915426,2019-09-28
"514794","64644","179039","81141","58278",897896,2019-09-29
"527815","65647","183420","81141","57547",915570,2019-09-30
"527882","65647","183475","81141","57547",915692,2019-10-01
"527882","64700","170792","80883","57547",901804,2019-10-02
"527882","65832","183626","81147","57547",916034,2019-10-03
"521469","67069","183464","80778","54819",907599,2019-10-04
"509963","62715","153573","77244","54006",857501,2019-10-05
"525026","62749","176322","81227","55299",900623,2019-10-06
"527983","66064","178953","81241","57810",912051,2019-10-07
"527983","66064","180939","81241","57810",914037,2019-10-08
"525055","66534","179444","81226","50621",902880,2019-10-09
"527983","66064","180939","81241","57810",914037,2019-10-10
"527983","66064","180939","81241","57810",914037,2019-10-11
"527983","66064","180939","81241","57810",914037,2019-10-12
"527983","66064","180939","81241","57810",914037,2019-10-13
"527983","66116","180939","81241","57810",914089,2019-10-14
"486817","60137","171935","77202","52240",848331,2019-10-15
"527960","66064","180937","81241","57810",914012,2019-10-16
"517760","63730","176805","81241","56977",896513,2019-10-17
"527983","66064","181392","81241","57810",914490,2019-10-18
"527983","66064","180939","81241","57810",914037,2019-10-19
"527983","66064","180966","81241","57810",914064,2019-10-20
"511853","62397","163715","80126","53149",871240,2019-10-21
"527983","66074","169631","81241","57839",902768,2019-10-22
"527983","66064","180986","81241","57810",914084,2019-10-23
"527983","66064","180944","81241","57810",914042,2019-10-24
"528129","66064","181421","79392","57810",912816,2019-10-25
"486644","65792","167305","78571","52026",850338,2019-10-26
"527764","66297","181827","81028","56109",913025,2019-10-27
"521078","66930","177942","80928","51835",898713,2019-10-28
"527563","66328","181729","81033","55812",912465,2019-10-29
"473327","79481","191412","86005","39722",869947,2019-10-30
"524748","68931","185347","84441","47987",911454,2019-11-01
"524452","68749","185187","84441","48037",910866,2019-11-02
"516898","68892","184355","80338","48001",898484,2019-11-03
"524790","69329","187171","84444","47991",913725,2019-11-04
"510024","70612","171790","75337","48076",875839,2019-11-05
"524866","69805","178682","85110","48035",906498,2019-11-06
"521827","69328","168678","77917","48035",885785,2019-11-07
"506509","62959","167204","77795","48314",862781,2019-11-08
"524866","69426","180898","85110","48035",908335,2019-11-09
"524866","69426","180898","85110","48035",908335,2019-11-10
"524866","69426","180898","85110","48035",908335,2019-11-11
"524866","69426","180898","85110","48035",908335,2019-11-12
"524866","69426","180888","85110","48035",908325,2019-11-13
"524866","69426","180835","85110","48035",908272,2019-11-14
"524866","69426","180898","85107","48035",908332,2019-11-15
"524866","69426","180898","85110","48035",908335,2019-11-16
"523252","69426","181030","84934","49469",908111,2019-11-17
"511869","55684","165938","79351","49607",862449,2019-11-18
"454930","63927","158542","74806","43165",795370,2019-11-19
"525269","69480","180776","85024","44970",905519,2019-11-20
"491847","69568","171870","75386","44542",853213,2019-11-21
"524790","69329","175588","85106","48038",902851,2019-11-22
"511025","61919","172278","82254","44399",871875,2019-11-23
"535278","58314","149022","74057","48026",864697,2019-11-24
"516103","67847","175785","77628","47642",885005,2019-11-25
"517724","73062","170876","79143","42873",883678,2019-11-26
"526306","69612","178793","82628","45198",902537,2019-11-27
"525620","69612","179404","82479","47578",904693,2019-11-28
"525534","69612","173513","82313","47423",898395,2019-11-29
"525569","69612","178685","82487","47399",903752,2019-11-30
"511282","76351","180529","82487","22795",873444,2019-12-01
"473634","66700","151222","69880","42574",804010,2019-12-02
"497290","60033","175740","80451","42809",856323,2019-12-03
"514611","60303","160711","73709","47104",856438,2019-12-04
"524862","69200","167731","82469","47061",891323,2019-12-05
"525520","69106","176984","80280","47081",898971,2019-12-06
"525434","69200","177930","82424","47059",902047,2019-12-07
"509762","68198","177455","73063","47208",875686,2019-12-08
"506040","63886","169359","73340","44476",857101,2019-12-09
"485386","60368","153621","81171","46397",826943,2019-12-10
"525434","69200","177930","82424","47059",902047,2019-12-11
"525434","69200","177930","82424","47059",902047,2019-12-12
"525484","69200","177311","83327","47059",902381,2019-12-13
"515569","69200","177942","82424","47272",892407,2019-12-14
"525434","69200","177930","82424","47059",902047,2019-12-15
"525434","68416","173430","80115","47160",894555,2019-12-16
"467141","71128","181086","78824","44212",842391,2019-12-17
"525434","69200","178039","82424","47059",902156,2019-12-18
"509812","61191","161589","80520","45212",858324,2019-12-19
"509897","54586","152052","75677","44002",836214,2019-12-20
"527102","69139","178167","81433","47593",903434,2019-12-21
"528761","69199","177635","82428","43815",901838,2019-12-22
"525854","69199","178017","82428","47069",902567,2019-12-23
"525495","69278","176568","82520","47071",900932,2019-12-24
"505338","60933","172375","79516","46110",864272,2019-12-25
"453129","67257","156278","76314","52602",805580,2019-12-26
"524524","70347","178198","82461","51684",907214,2019-12-27
"447572","71805","160030","77893","51713",809013,2019-12-28
"524707","70162","183899","82142","51754",912664,2019-12-29
"524707","70162","180626","82142","51717",909354,2019-12-30
"524707","70162","180745","82142","51717",909473,2019-12-31
"524707","70162","180746","82142","51717",909474,2020-01-01
"524707","70162","181059","82142","51717",909787,2020-01-02
"503196","67524","165439","81715","49472",867346,2020-01-03
"445852","56042","132341","67398","41313",742946,2020-01-04
"495613","58542","150014","75786","51825",831780,2020-01-05
"476065","64499","169028","75453","53579",838624,2020-01-06
"479040","65979","174513","84105","51321",854958,2020-01-07
"495872","67609","173334","76117","48080",861012,2020-01-08
"504407","55883","172139","79705","52277",864411,2020-01-09
"520880","60113","168673","75922","41378",866966,2020-01-10
"520119","68972","170047","81101","48919",889158,2020-01-11
"521380","67781","171911","81644","53829",896545,2020-01-12
"479083","72574","179657","83241","46626",861181,2020-01-13
"496105","69062","172089","81650","50277",869183,2020-01-14
"522676","55476","147411","72725","53596",851884,2020-01-15
"532152","56117","168274","81974","50156",888673,2020-01-16
"527140","61811","165828","86894","49552",891225,2020-01-17
"550499","73936","194870","98501","56294",974100,2020-01-18
"517862","68095","172345","81650","50458",890410,2020-01-19
"521311","68814","171932","81650","50481",894188,2020-01-20
"521311","68814","171932","81650","50481",894188,2020-01-21
"521311","68814","171932","81650","50481",894188,2020-01-22
"483561","62366","171512","95317","50569",863325,2020-01-23
"520861","68203","177524","85467","50630",902685,2020-01-24
"520861","68203","177524","85467","50754",902809,2020-01-25
"520861","68203","176796","85619","50643",902122,2020-01-26
"520861","68194","177154","85574","50646",902429,2020-01-27
"512755","66859","166007","85497","43981",875099,2020-01-28
"508498","68301","178154","86189","51151",892293,2020-01-29
"477789","55327","161405","72105","51577",818203,2020-01-30
"479215","60265","161489","77019","48032",826020,2020-01-31
"497616","62753","168976","83757","53052",866154,2020-02-01
"520974","65898","176270","84760","52248",900150,2020-02-02
"514777","65898","176270","84778","52248",893971,2020-02-03
"489214","65284","172256","82998","49697",859449,2020-02-04
"490894","54289","146716","72838","49623",814360,2020-02-05
"473408","60002","156364","71121","52020",812915,2020-02-06
"497320","58959","164072","78365","46884",845600,2020-02-07
"520033","66769","172146","85527","53913",898388,2020-02-08
"521062","66080","177392","85067","52441",902042,2020-02-09
"513911","64974","178422","83650","52737",893694,2020-02-10
"499713","69969","173937","84731","51700",880050,2020-02-11
"507425","61765","168162","76929","50835",865116,2020-02-12
"429127","65364","180080","83837","50017",808425,2020-02-13
"426323","68152","185867","78436","47689",806467,2020-02-14
"511250","62212","173176","82031","57155",885824,2020-02-15
"521062","66519","178056","85067","51553",902257,2020-02-16
"510812","62915","172862","77310","51461",875360,2020-02-17
"532189","70684","189100","91218","61827",945018,2020-02-18
"488154","82754","186476","87547","57360",902291,2020-02-19
"474722","69179","170238","82452","51701",848292,2020-02-20
"522360","70292","185410","87194","54006",919262,2020-02-21
"522356","70292","185247","87194","54006",919095,2020-02-22
"522356","70292","185247","87194","54006",919095,2020-02-23
"522356","70292","185247","87194","54006",919095,2020-02-24
"522356","70292","185247","87194","54006",919095,2020-02-25
"522356","70292","185247","87194","54006",919095,2020-02-26
"522356","70292","185277","87194","54006",919125,2020-02-27
"522843","70292","185200","87194","54006",919535,2020-02-28
"356627","40394","153828","61513","46816",659178,2020-02-29
"488939","68192","130316","81646","50420",819513,2020-03-01
"493015","63187","170091","78404","50095",854792,2020-03-02
"496539","48707","136374","70661","43745",796026,2020-03-03
"476721","59934","162917","80729","47685",827986,2020-03-04
"504054","64218","182561","83110","59109",893052,2020-03-05
"411595","61594","155072","79886","50791",758938,2020-03-06
"497527","60031","168367","81391","49861",857177,2020-03-07
"494955","59620","167259","81044","49836",852714,2020-03-08
"497527","60031","168507","81391","49861",857317,2020-03-09
"495621","58616","166685","81409","50079",852410,2020-03-10
"497527","60031","168367","81391","49861",857177,2020-03-11
"494715","60031","168441","81433","49861",854481,2020-03-12
"494099","60031","168592","80678","49861",853261,2020-03-13
"497527","60031","168367","81391","49861",857177,2020-03-14
"494104","56802","162340","81335","48405",842986,2020-03-15
"497527","58789","164625","81391","49877",852209,2020-03-16
"480888","60231","164441","65615","52626",823801,2020-03-17
"497527","60031","168906","81391","49861",857716,2020-03-18
"465800","53985","163550","79273","48713",811321,2020-03-19
"484632","56161","164153","78577","49704",833227,2020-03-20
"508755","64309","165911","78940","57018",874933,2020-03-21
"574021","79880","209929","116872","68104",1048806,2020-03-22
"509584","71079","164815","91968","57048",894494,2020-03-23
"528609","70244","183732","95130","54901",932616,2020-03-24
"503490","58458","171867","75476","48005",857296,2020-03-25
"528881","70580","180058","95263","55183",929965,2020-03-26
"524261","76548","186622","96468","47167",931066,2020-03-27
"429353","81629","197438","84709","55858",848987,2020-03-28
"460491","67735","186314","95525","55083",865148,2020-03-29
"529907","72380","185346","95525","55510",938668,2020-03-30
"529907","72380","185568","95525","55515",938895,2020-03-31
"453586","59614","166392","81761","55510",816863,2020-04-01
"527529","72429","184962","96022","44033",924975,2020-04-02
"526285","69285","176930","92969","55669",921138,2020-04-03
"522150","70842","183692","92892","55481",925057,2020-04-04
"530078","72396","187269","96085","55714",941542,2020-04-05
"530241","72396","185127","96022","55493",939279,2020-04-06
"530241","72396","185127","96022","55493",939279,2020-04-07
"529990","71641","183742","90826","55747",931946,2020-04-08
"530241","72396","185127","96022","55493",939279,2020-04-09
"530241","72396","185539","96022","55493",939691,2020-04-10
"530241","72396","185127","96022","55493",939279,2020-04-11
"530241","72396","185127","96022","55493",939279,2020-04-12
"530241","72396","185620","96022","55493",939772,2020-04-13
"530241","72396","185127","96163","55493",939420,2020-04-14
"521897","67341","150287","89037","50656",879218,2020-04-15
"528329","72243","170422","92619","54149",917762,2020-04-16
"530189","72328","184178","95855","54999",937549,2020-04-17
"530189","72328","180661","95855","54999",934032,2020-04-18
"530189","72328","184933","95855","54999",938304,2020-04-19
"511049","54748","152977","86884","46672",852330,2020-04-20
"499034","59044","156045","77518","50294",841935,2020-04-21
"522474","66457","180419","95942","54733",920025,2020-04-22
"529819","68650","179770","95942","55424",929605,2020-04-23
"529819","68650","180020","95942","55129",929560,2020-04-24
"529819","68650","179787","95942","55129",929327,2020-04-25
"529819","68446","174934","95973","55135",924307,2020-04-26
"530015","68558","177238","95992","55206",927009,2020-04-27
"529830","68615","179591","95941","55129",929106,2020-04-28
"528803","69002","167271","94671","55069",914816,2020-04-29
"487204","63279","174018","95965","48490",868956,2020-04-30
"529723","68666","179692","95965","55016",929062,2020-05-01
"529723","68666","179692","95965","55016",929062,2020-05-02
"529723","68666","179692","95965","55016",929062,2020-05-04
"498411","68550","180272","84964","52791",884988,2020-05-05
"530044","68666","180299","95928","55371",930308,2020-05-06
"529723","68666","179756","95965","55016",929126,2020-05-07
"492719","68349","179477","95965","55248",891758,2020-05-08
"529732","69791","178095","83577","55016",916211,2020-05-09
"529723","68590","180062","95965","55180",929520,2020-05-10
"529723","68666","179692","95965","55016",929062,2020-05-11
"529723","68666","179833","95965","55016",929203,2020-05-12
"529723","68666","179692","95965","55016",929062,2020-05-13
"426210","56844","155732","78320","47395",764501,2020-05-14
"529723","68666","177867","94755","55016",926027,2020-05-15
"485114","49275","148490","70022","47248",800149,2020-05-16
"523294","61734","172479","92216","45521",895244,2020-05-17
"525791","65938","174037","92216","53240",911222,2020-05-18
"382080","50710","132880","75509","33550",674729,2020-05-19
"526672","69605","167890","82939","53953",901059,2020-05-20
"483280","58144","146897","78232","48080",814633,2020-05-21
"524194","64630","166733","91398","52938",899893,2020-05-22
"497430","59130","166826","91398","48462",863246,2020-05-23
"523986","64593","167348","91398","52617",899942,2020-05-24
"523986","64593","166756","91398","52617",899350,2020-05-25
"523986","64593","166756","91398","52646",899379,2020-05-26
"523986","64593","166756","91398","52620",899353,2020-05-27
"523986","60554","151993","91400","52584",880517,2020-05-28
"523986","64566","165420","91398","52618",897988,2020-05-29
"420933","54393","135974","91092","52680",755072,2020-05-30
"413343","58654","136524","69160","52417",730098,2020-05-31
"523969","64807","165804","91436","52612",898628,2020-06-01
"501224","64807","165236","78184","53643",863094,2020-06-02
"523969","64807","166463","91436","52612",899287,2020-06-03
"523969","64807","165804","91436","52841",898857,2020-06-04
"524078","64807","165859","91440","52981",899165,2020-06-05
"523969","64807","165804","91436","52612",898628,2020-06-06
"510548","46026","145797","73620","50315",826306,2020-06-07
"523969","64807","165804","91436","52612",898628,2020-06-08
"487614","62030","161381","89196","45093",845314,2020-06-09
"523969","64807","165804","91436","52612",898628,2020-06-10
"523969","64807","165804","91436","52612",898628,2020-06-11
"523969","64807","167943","91436","52612",900767,2020-06-12
"473235","60385","154394","71130","51683",810827,2020-06-13
"506345","63759","156644","77632","52822",857202,2020-06-14
"526081","64825","166170","91485","57097",905658,2020-06-15
"469360","68691","153882","72863","50450",815246,2020-06-16
"502783","60511","164250","89708","50724",867976,2020-06-17
"517984","65238","166466","86294","54111",890093,2020-06-18
"523304","65205","166849","90726","54126",900210,2020-06-19
"523304","65238","166890","90726","54126",900284,2020-06-20
"523304","65238","166890","90726","54126",900284,2020-06-21
"516440","67121","166890","90726","54204",895381,2020-06-22
"523360","65298","166898","90726","54134",900416,2020-06-23
"522908","65298","166939","90606","54134",899885,2020-06-24
"522593","65298","165959","90711","54135",898696,2020-06-25
"523444","65298","166893","90726","55590",901951,2020-06-26
"523439","64040","160202","90538","53789",892008,2020-06-27
"523451","65312","167233","90726","54217",900939,2020-06-28
"523451","65312","166691","90726","54217",900397,2020-06-29
"523451","65227","166701","90726","54217",900322,2020-06-30
"523451","65224","181982","91153","54217",916027,2020-07-01
"523451","65312","167250","90726","54217",900956,2020-07-02
"489451","65239","164377","74879","54334",848280,2020-07-03
"523451","65312","167250","90726","54217",900956,2020-07-04
"523451","65312","167250","90726","54217",900956,2020-07-05
"507448","58949","161596","89511","54206",871710,2020-07-06
"523545","65312","167250","90726","52982",899815,2020-07-07
"430195","63463","166653","81144","45419",786874,2020-07-08
"523412","65312","167359","90726","55490",902299,2020-07-09
"523451","65312","167250","90726","54217",900956,2020-07-10
"523593","65199","167288","90726","54433",901239,2020-07-11
"509123","67509","164720","90558","54217",886127,2020-07-12
"529804","62205","162489","91873","54659",901030,2020-07-13
"523451","65693","165661","88674","54218",897697,2020-07-14
"481700","57084","155585","78994","49059",822422,2020-07-15
"523304","65435","167531","89656","54120",900046,2020-07-16
"516267","62396","172218","89656","58813",899350,2020-07-17
"555159","69077","176667","90558","61589",953050,2020-07-18
"527359","69077","175037","91393","56640",919506,2020-07-19
"527359","69077","174586","91393","56640",919055,2020-07-20
"527359","68942","167818","91393","57842",913354,2020-07-21
"527359","69073","174748","91393","56887",919460,2020-07-22
"527491","69073","174748","91393","56727",919432,2020-07-23
"527366","69073","174748","91393","56727",919307,2020-07-24
"521292","67400","173370","90590","56726",909378,2020-07-25
"502193","57265","172890","89084","49865",871297,2020-07-26
"520607","69119","172103","91471","55315",908615,2020-07-27
"527451","68853","174862","91429","56272",918867,2020-07-28
"526378","68853","174819","91473","55458",916981,2020-07-29
"521536","60380","169956","81619","49460",882951,2020-07-30
"527204","67870","175592","91600","47213",909479,2020-07-31
"527233","68853","174819","91431","55322",917658,2020-08-01
"520966","68617","185970","102376","58571",936500,2020-08-02
"527144","56765","165242","91431","55116",895698,2020-08-03
"515063","68771","175603","91241","48893",899571,2020-08-04
"527233","68853","174819","91431","55322",917658,2020-08-05
"527233","68853","174819","91431","55322",917658,2020-08-06
"527233","68853","174819","91431","55438",917774,2020-08-07
"527233","68842","172024","87760","59820",915679,2020-08-08
"556794","63310","163991","84977","55111",924183,2020-08-09
"527233","68853","175142","91431","55143",917802,2020-08-10
"526832","68853","174819","91431","54302",916237,2020-08-11
"507032","67991","174819","91770","56368",897980,2020-08-12
"527233","68853","174819","91431","55322",917658,2020-08-13
"527233","68853","174819","91431","55322",917658,2020-08-14
"526627","68889","174819","91431","54273",916039,2020-08-15
"527234","68856","174847","91431","55338",917706,2020-08-16
"527234","68744","174805","91431","55338",917552,2020-08-17
"527234","68831","174873","92463","55338",918739,2020-08-18
"484904","68323","175959","91554","56058",876798,2020-08-19
"527234","68828","175052","91554","55371",918039,2020-08-20
"525915","68362","174843","91556","55307",915983,2020-08-21
"527237","68828","175056","91554","55371",918046,2020-08-22
"501714","68942","192204","89035","50562",902457,2020-08-23
"526979","70025","179281","91033","55799",923117,2020-08-24
"526979","70025","179281","91033","55799",923117,2020-08-25
"526297","70201","179281","91033","48002",914814,2020-08-26
"511526","62242","168242","91048","51257",884315,2020-08-27
"527098","69987","179282","91048","55947",923362,2020-08-28
"527098","69987","179278","91048","55947",923358,2020-08-29
"527098","69987","179282","91048","55947",923362,2020-08-30
"523473","68686","178490","80240","55979",906868,2020-08-31
"499746","64813","132344","69744","51503",818150,2020-09-01
"527098","69987","179282","91048","55947",923362,2020-09-02
"522929","67650","179517","90545","53608",914249,2020-09-03
"527108","69987","179282","91048","55947",923372,2020-09-04
"526870","69987","179396","89884","56115",922252,2020-09-05
"516198","61826","156484","78072","55506",868086,2020-09-06
"527434","69987","179282","92337","54623",923663,2020-09-07
"527098","69987","179282","91048","55947",923362,2020-09-08
"522647","63287","165476","89180","50512",891102,2020-09-09
"526643","69987","179619","91094","52980",920323,2020-09-10
"479945","57584","176528","90948","56478",861483,2020-09-11
"527098","69987","178320","91048","55947",922400,2020-09-12
"497725","68975","174908","86603","59232",887443,2020-09-13
"526995","70144","179447","91771","56073",924430,2020-09-14
"513438","63934","169696","91090","57922",896080,2020-09-15
"495000","64867","177226","90786","54141",882020,2020-09-16
"527107","70230","175149","91816","56034",920336,2020-09-17
"527100","70230","179195","91812","56255",924592,2020-09-18
"528935","70230","179195","91821","57457",927638,2020-09-19
"524004","70483","178763","91821","56902",921973,2020-09-20
"527443","56410","146816","77654","50356",858679,2020-09-21
"527486","67570","169435","90471","56675",911637,2020-09-22
"527486","67570","169799","90471","56675",912001,2020-09-23
"527486","67570","169799","90471","56675",912001,2020-09-25
"527486","67570","169799","90471","56668",911994,2020-09-26
"527320","67458","164040","90430","56488",905736,2020-09-27
"527486","67570","169660","90471","56606",911793,2020-09-28
"497161","64013","170025","82043","50169",863411,2020-09-29
"525492","67854","156784","83487","56580",890197,2020-09-30
"479024","67570","170380","90502","56606",864082,2020-10-01
"503958","67575","168864","84044","56965",881406,2020-10-02
"465407","52457","154821","84230","46618",803533,2020-10-03
"527486","67570","169778","90471","56606",911911,2020-10-04
"527943","67570","169827","90695","56606",912641,2020-10-05
"490330","67952","169873","88327","56738",873220,2020-10-06
"518715","67762","163353","90419","59608",899857,2020-10-07
"522596","67570","169799","90471","56845",907281,2020-10-08
"527486","67559","169468","90471","56606",911590,2020-10-09
"557323","65638","174834","90147","55878",943820,2020-10-10
"527486","67570","169799","90471","56606",911932,2020-10-11
"520658","68007","151922","84144","49805",874536,2020-10-12
"527686","67655","170606","90531","56829",913307,2020-10-13
"490353","63666","153148","74292","50624",832083,2020-10-14
"497873","69618","169057","86386","53071",876005,2020-10-15
"526399","67960","170263","76597","57075",898294,2020-10-16
"526870","67390","161436","90017","52854",898567,2020-10-17
"527055","68164","168753","87059","56867",907898,2020-10-18
"527036","68102","170121","90017","57239",912515,2020-10-19
"527036","68102","170138","90017","57239",912532,2020-10-20
"527036","68102","170122","90017","57239",912516,2020-10-21
"504918","74078","174744","89754","56177",899671,2020-10-22
"525748","69541","164704","78272","57656",895921,2020-10-23
"527212","68484","171066","90299","57656",914717,2020-10-24
"527212","68484","171103","90308","57656",914763,2020-10-25
"494203","64097","151269","87622","59677",856868,2020-10-26
"500587","67031","165255","90211","53885",876969,2020-10-27
"527212","68484","171066","90299","57656",914717,2020-10-28
"524204","68126","171048","90067","57656",911101,2020-10-29
"516026","67231","164995","85664","57792",891708,2020-10-30
"527212","69043","170951","90299","57624",915129,2020-10-31
"523133","68742","171111","90299","57656",910941,2020-11-01
"527151","68484","171066","90299","57679",914679,2020-11-02
"501719","65434","163927","84272","53147",868499,2020-11-03
"491592","62099","159205","76299","56023",845218,2020-11-04
"527212","68484","171066","90299","57656",914717,2020-11-05
"527212","68807","171347","90299","57714",915379,2020-11-06
"527212","68484","171066","90299","57656",914717,2020-11-07
"503871","65223","165376","88714","54598",877782,2020-11-08
"527212","68100","171066","90299","57895",914572,2020-11-09
"527212","68431","171066","90299","56831",913839,2020-11-10
"527212","68480","171066","90299","57678",914735,2020-11-11
"482081","76196","164999","87909","55724",866909,2020-11-12
"529974","69705","171919","91494","57687",920779,2020-11-13
"529974","69705","171919","91494","57657",920749,2020-11-14
"529850","69705","171919","91508","57657",920639,2020-11-15
"529880","69705","171919","91496","57657",920657,2020-11-16
"529880","69705","171919","91496","57657",920657,2020-11-17
"529880","69705","171919","91496","57584",920584,2020-11-18
"502976","69554","165423","88264","57245",883462,2020-11-19
"529731","64930","169507","91461","56611",912240,2020-11-20
"529879","69693","171517","91488","57340",919917,2020-11-21
"490714","69686","159508","83459","49550",852917,2020-11-22
"524031","69916","168291","77883","57268",897389,2020-11-23
"429288","64593","166655","86987","42395",789918,2020-11-24
"529735","69679","168388","90009","57016",914827,2020-11-25
"498777","63119","154705","82642","55660",854903,2020-11-26
"529735","69679","168699","90009","57016",915138,2020-11-27
"529735","69679","168388","90009","57016",914827,2020-11-28
"529666","69679","168388","90009","56973",914715,2020-11-29
"529735","69679","168388","90009","57016",914827,2020-11-30
"503923","59938","161655","82918","47756",856190,2020-12-01
"529735","69679","168388","90009","57016",914827,2020-12-02
"529735","69679","168650","90009","57065",915138,2020-12-03
"527629","69273","166470","85754","55533",904659,2020-12-04
"506619","68112","169552","90030","54069",888382,2020-12-05
"484125","64836","157126","80151","51300",837538,2020-12-06
"529732","69679","168388","90009","55900",913708,2020-12-07
"529735","69679","168388","90009","57016",914827,2020-12-08
"472177","67411","166061","90009","48963",844621,2020-12-09
"474071","62666","150580","86510","56773",830600,2020-12-10
"508878","67523","138939","69646","56598",841584,2020-12-11
"506716","61415","161319","69620","51180",850250,2020-12-12
"518293","72882","171749","89125","55592",907641,2020-12-13
"526222","69148","173102","87490","56843",912805,2020-12-14
"525704","69067","158547","87595","56843",897756,2020-12-15
"502186","57774","162261","81065","49832",853118,2020-12-16
"521496","63400","159987","73791","51523",870197,2020-12-17
"477264","65396","161272","85777","57003",846712,2020-12-18
"526171","70474","167815","88083","54173",906716,2020-12-19
"469440","68512","165723","88054","54094",845823,2020-12-20
"507475","59280","161352","83592","56247",867946,2020-12-21
"517114","64081","160209","82002","55423",878829,2020-12-22
"496826","62734","144756","85823","57595",847734,2020-12-23
"524755","67363","157687","84421","58051",892277,2020-12-24
"523702","66439","158198","87580","56689",892608,2020-12-25
"523702","66439","158198","87580","56689",892608,2020-12-26
"498911","61446","159688","87785","56777",864607,2020-12-27
"517718","66439","158195","86905","56689",885946,2020-12-28
"523716","66439","158198","87580","56717",892650,2020-12-29
"523707","66439","158857","87134","56747",892884,2020-12-30
"518916","65540","148940","85355","56693",875444,2020-12-31
"478238","58952","156630","84210","56688",834718,2021-01-01
"479513","59223","150583","78423","52856",820598,2021-01-02
"494313","64656","150646","82120","56688",848423,2021-01-03
"523724","66421","158454","87649","57166",893414,2021-01-04
"523702","66439","158397","87580","56426",892544,2021-01-05
"523702","66439","159338","87580","56688",893747,2021-01-06
"523702","66439","158191","87580","56689",892601,2021-01-07
"506412","60529","120765","79264","56689",823659,2021-01-08
"523837","66418","158448","87725","56689",893117,2021-01-09
"474596","66441","164374","76547","55759",837717,2021-01-10
"523750","64936","157750","87546","56608",890590,2021-01-11
"523750","65495","158014","87711","56596",891566,2021-01-12
"470139","56925","147639","79857","49177",803737,2021-01-13
"445346","50992","150079","83354","52057",781828,2021-01-14
"497473","63371","160874","72723","54364",848805,2021-01-15
"511304","63332","169034","87757","56314",887741,2021-01-16
"505014","57663","150051","72323","49966",835017,2021-01-17
"450973","56620","161593","81271","45686",796143,2021-01-18
"456546","53175","156556","72310","50277",788864,2021-01-19
"416934","72386","152249","77055","51171",769795,2021-01-20
"513621","66944","172934","87845","56211",897555,2021-01-21
"502248","63447","151345","78282","55717",851039,2021-01-22
"492808","61938","166072","87813","55543",864174,2021-01-23
"506379","62882","172080","83675","55910",880926,2021-01-24
"510820","67219","163224","89160","61777",892200,2021-01-25
"513424","66852","172736","88113","56267",897392,2021-01-26
"490996","52942","155430","76161","49541",825070,2021-01-27
"511168","64929","166838","79624","52066",874625,2021-01-28
"500331","64814","165706","79844","57821",868516,2021-01-29
"477201","62766","161534","82199","49372",833072,2021-01-30
"478066","66172","168603","87565","52551",852957,2021-01-31
"468399","64811","157883","82174","52103",825370,2021-02-01
"513646","67027","167059","88429","56295",892456,2021-02-02
"487870","54269","157569","80639","53739",834086,2021-02-03
"475357","60145","167899","85542","55275",844218,2021-02-04
"513503","67791","174322","85969","58583",900168,2021-02-05
"513503","66852","172708","87870","56267",897200,2021-02-06
"502584","54211","143521","75076","50910",826302,2021-02-07
"483869","63414","154668","73549","54437",829937,2021-02-08
"484529","66004","165452","86882","56293",859160,2021-02-09
"514118","66064","166833","85307","56293",888615,2021-02-10
"514118","66064","166833","86928","56293",890236,2021-02-11
"501674","65580","157918","85044","56259",866475,2021-02-12
"514116","66060","166828","86942","56304",890250,2021-02-13
"514078","66060","166774","86942","53584",887438,2021-02-14
"514122","66060","166850","86942","56382",890356,2021-02-15
"514122","66060","166850","86942","56382",890356,2021-02-16
"514122","66060","166850","86942","56382",890356,2021-02-17
"514122","66060","166850","86942","56382",890356,2021-02-18
"514122","66060","166850","86942","56382",890356,2021-02-19
"514122","66060","166850","86942","56382",890356,2021-02-20
"423316","66129","166875","88456","57051",801827,2021-02-21
"514132","66060","166850","87130","56528",890700,2021-02-22
"514132","66060","167329","87130","56528",891179,2021-02-23
"486370","56005","162647","81389","51011",837422,2021-02-24
"514132","66060","166850","87130","56528",890700,2021-02-25
"514132","66060","166850","87130","56528",890700,2021-02-26
"514128","66060","166850","87130","56528",890696,2021-02-27
"514132","66060","166850","87130","56528",890700,2021-02-28
"514132","66060","166850","87130","56528",890700,2021-03-01
"514132","66060","166850","87130","56528",890700,2021-03-02
"514132","66060","166850","87130","56528",890700,2021-03-03
"514132","66060","166994","87130","56528",890844,2021-03-04
"445297","65542","158937","80740","51408",801924,2021-03-05
"496016","66159","166825","87130","56198",872328,2021-03-06
"514132","66046","155033","87404","56528",879143,2021-03-07
"514132","66062","166987","87143","56528",890852,2021-03-08
"514132","66062","166987","87143","56528",890852,2021-03-09
"514132","66062","164612","87143","56528",888477,2021-03-10
"514132","66062","167057","87143","56528",890922,2021-03-11
"514132","66062","167067","87143","56528",890932,2021-03-12
"514132","66062","167061","87143","56528",890926,2021-03-13
"514132","66062","167061","87143","56528",890926,2021-03-14
"514132","66062","167066","87143","56528",890931,2021-03-15
"514132","66062","167063","87143","56528",890928,2021-03-16
"514132","66062","167063","87143","56528",890928,2021-03-17
"514132","66062","167063","87143","56529",890929,2021-03-18
"514321","66062","167103","87143","54894",889523,2021-03-19
"514205","66062","167077","87143","56525",891012,2021-03-20
"514205","66062","167077","87143","56525",891012,2021-03-21
"491885","60313","164706","86928","54861",858693,2021-03-22
"514182","66098","167141","87164","56525",891110,2021-03-23
"514182","66170","167179","87195","56954",891680,2021-03-24
"514182","66068","166861","87164","56525",890800,2021-03-25
"514182","66098","167141","87164","56525",891110,2021-03-26
"514182","66098","167836","87164","56088",891368,2021-03-27
"514182","66098","167141","87164","56525",891110,2021-03-28
"464041","50785","151722","75093","49327",790968,2021-03-29
"514182","65623","167047","87164","55975",889991,2021-03-30
"514182","66098","167133","87164","56525",891102,2021-03-31
"514182","66098","167141","87164","56525",891110,2021-04-01
"514182","66098","167141","87164","56525",891110,2021-04-02
"514182","66098","167141","87164","56525",891110,2021-04-03
"400020","62360","149454","78358","54279",744471,2021-04-04
"514182","66098","167822","83283","56525",887910,2021-04-05
"514182","66098","167141","87164","56525",891110,2021-04-06
"514182","66098","167148","87164","56525",891117,2021-04-07
"514182","66098","167141","87164","56530",891115,2021-04-08
"514182","66098","167141","87164","56525",891110,2021-04-09
"514182","66098","167141","87164","56525",891110,2021-04-10
"514182","66098","167141","87164","56525",891110,2021-04-11
"495049","66149","153372","85386","56590",856546,2021-04-12
"514201","66119","168582","87115","56527",892544,2021-04-13
"514201","66119","168582","87115","56527",892544,2021-04-14
"514201","67262","158551","87115","56527",883656,2021-04-15
"514201","66191","168850","87115","56527",892884,2021-04-16
"514201","66191","168850","87115","56527",892884,2021-04-17
"514354","66191","168113","87911","57010",893579,2021-04-18
"514210","66191","169056","87131","56685",893273,2021-04-19
"485431","55289","180018","83775","58481",862994,2021-04-20
"513126","66245","173584","87143","56838",896936,2021-04-21
"507852","66245","157213","76433","51249",858992,2021-04-22
"503644","65228","166675","74276","58397",868220,2021-04-23
"488704","60725","163938","78496","56838",848701,2021-04-24
"513126","66245","173584","87143","56838",896936,2021-04-25
"513126","66245","173584","87143","56838",896936,2021-04-26
"513126","66245","173584","87143","56838",896936,2021-04-27
"513126","66245","173584","87143","56838",896936,2021-04-28
"513126","66245","173584","87143","56838",896936,2021-04-29
"513126","66245","173584","87143","56838",896936,2021-04-30
"509508","63737","164894","84439","56838",879416,2021-05-01
"513126","66245","173584","87143","56838",896936,2021-05-02
"513126","66245","173584","87143","56838",896936,2021-05-03
"513109","66245","173584","87143","56838",896919,2021-05-04
"513192","66297","170168","87147","56767",893571,2021-05-05
"513125","66257","173530","87157","56901",896970,2021-05-06
"513125","66257","173322","87157","56901",896762,2021-05-07
"512702","66589","173385","87157","56901",896734,2021-05-08
"513136","66284","173277","87157","56901",896755,2021-05-09
"513126","66284","173277","87157","56975",896819,2021-05-10
"513400","66404","171507","86886","54144",892341,2021-05-11
"513143","66285","174060","86704","55698",895890,2021-05-12
"513134","66340","170546","87197","57178",894395,2021-05-13
"513134","66409","173163","87197","56701",896604,2021-05-14
"508930","64217","165192","86446","56565",881350,2021-05-15
"513059","66397","173344","87133","56657",896590,2021-05-16
"513062","66397","173344","87133","56657",896593,2021-05-17
"513059","66397","173344","87133","56657",896590,2021-05-18
"513059","66397","173728","87257","56657",897098,2021-05-19
"488456","49961","129557","63302","47318",778594,2021-05-20
"444915","58667","157897","74661","56305",792445,2021-05-21
"506377","61621","159363","81805","55909",865075,2021-05-22
"506377","61621","159363","81805","55909",865075,2021-05-23
"506377","61621","159363","81805","55909",865075,2021-05-24
"500852","61621","159985","81805","52533",856796,2021-05-25
"506377","61621","159363","81805","55909",865075,2021-05-26
"506377","61621","159276","81805","54720",863799,2021-05-27
"506377","61621","159363","81805","55909",865075,2021-05-28
"362276","57301","155027","70900","47515",693019,2021-05-29
"506377","61646","159240","81805","55909",864977,2021-05-30
"504776","61686","158927","81805","55720",862914,2021-05-31
"456867","54651","154248","72854","46740",785360,2021-06-01
"506377","61621","159363","81897","55909",865167,2021-06-02
"506377","61875","157738","81805","55909",863704,2021-06-03
"506377","61621","159363","81805","55909",865075,2021-06-04
"505982","60111","158591","81805","55689",862178,2021-06-05
"506376","61618","159346","81805","55880",865025,2021-06-06
"506376","61618","159310","81805","55880",864989,2021-06-07
"506376","61618","157055","81805","55880",862734,2021-06-08
"404023","55614","159464","75503","36417",731021,2021-06-09
